airport_code,flight_number,airline,flight_id,destination,departure_airport_name,airport_name,planned_departure_time,actual_departure_time,planned_departure_datetime,actual_departure_datetime,snapshot_ts
SVO,SU1524,SU,1524,Горно-Алтайск,Шереметьево,Горно-Алтайск,00:05,23:59,2026-03-25 00:05,2026-03-24 23:59,2026-03-26 06:50:44
SVO,SU1876,SU,1876,Бухара,Шереметьево,Бухара Интл.,00:10,00:10,2026-03-25 00:10,2026-03-25 00:10,2026-03-26 06:50:44
SVO,SU2134,SU,2134,Стамбул,Шереметьево,Стамбул,00:10,00:15,2026-03-25 00:10,2026-03-25 00:15,2026-03-26 06:50:44
SVO,SU1092,SU,1092,Челябинск,Шереметьево,Баландино,00:30,00:23,2026-03-25 00:30,2026-03-25 00:23,2026-03-26 06:50:44
SVO,SU1638,SU,1638,Омск,Шереметьево,Центральный (Омск),00:35,00:28,2026-03-25 00:35,2026-03-25 00:28,2026-03-26 06:50:44
SVO,SU1428,SU,1428,Магнитогорск,Шереметьево,Магнитогорск,00:40,00:33,2026-03-25 00:40,2026-03-25 00:33,2026-03-26 06:50:44
SVO,SU1430,SU,1430,Барнаул,Шереметьево,Михайловка,00:40,00:35,2026-03-25 00:40,2026-03-25 00:35,2026-03-26 06:50:44
SVO,SU1382,SU,1382,Ханты-Мансийск,Шереметьево,Ханты-Мансийск,00:45,00:37,2026-03-25 00:45,2026-03-25 00:37,2026-03-26 06:50:44
SVO,SU1244,SU,1244,Оренбург,Шереметьево,Центральный (Оренбург),00:45,00:39,2026-03-25 00:45,2026-03-25 00:39,2026-03-26 06:50:44
SVO,SU1306,SU,1306,Новосибирск,Шереметьево,Толмачёво,00:55,00:51,2026-03-25 00:55,2026-03-25 00:51,2026-03-26 06:50:44
SVO,SU1562,SU,1562,Иркутск,Шереметьево,Иркутск,00:55,00:52,2026-03-25 00:55,2026-03-25 00:52,2026-03-26 06:50:44
SVO,SU1502,SU,1502,Тюмень,Шереметьево,Рощино,01:00,00:55,2026-03-25 01:00,2026-03-25 00:55,2026-03-26 06:50:44
SVO,SU1942,SU,1942,Алматы,Шереметьево,Алматы Интл.,01:05,01:01,2026-03-25 01:05,2026-03-25 01:01,2026-03-26 06:50:44
SVO,SU1482,SU,1482,Красноярск,Шереметьево,Красноярск,01:10,01:07,2026-03-25 01:10,2026-03-25 01:07,2026-03-26 06:50:44
SVO,SU1448,SU,1448,Екатеринбург,Шереметьево,Кольцово,01:20,01:20,2026-03-25 01:20,2026-03-25 01:20,2026-03-26 06:50:44
SVO,SU1512,SU,1512,Сургут,Шереметьево,Сургут,01:35,01:28,2026-03-25 01:35,2026-03-25 01:28,2026-03-26 06:50:44
SVO,SU244,SU,244,Маэ остров,Шереметьево,Сейшеллес Интл.,01:45,01:43,2026-03-25 01:45,2026-03-25 01:43,2026-03-26 06:50:44
SVO,SU424,SU,424,Хургада,Шереметьево,Хургада Интл.,01:50,01:47,2026-03-25 01:50,2026-03-25 01:47,2026-03-26 06:50:44
SVO,AT223,AT,223,Касабланка,Шереметьево,Мохаммед Пятый,01:40,02:01,2026-03-25 01:40,2026-03-25 02:01,2026-03-26 06:50:44
SVO,2S086,2S,086,Стамбул,Шереметьево,Стамбул,02:00,02:03,2026-03-25 02:00,2026-03-25 02:03,2026-03-26 06:50:44
SVO,SU428,SU,428,Шарм Эль Шейх,Шереметьево,Шарм Эль Шейх Интл.,02:50,02:45,2026-03-25 02:50,2026-03-25 02:45,2026-03-26 06:50:44
SVO,5G710,5G,710,Ереван,Шереметьево,Звартноц Интл.,03:10,03:02,2026-03-25 03:10,2026-03-25 03:02,2026-03-26 06:50:44
SVO,SU1264,SU,1264,Краснодар,Шереметьево,Пашковский,05:35,05:33,2026-03-25 05:35,2026-03-25 05:33,2026-03-26 06:50:44
SVO,SU1254,SU,1254,Нижнекамск,Шереметьево,Бегишево,05:55,05:54,2026-03-25 05:55,2026-03-25 05:54,2026-03-26 06:50:44
SVO,SU1386,SU,1386,Ульяновск,Шереметьево,Баратаевка,06:00,05:57,2026-03-25 06:00,2026-03-25 05:57,2026-03-26 06:50:44
SVO,SU1152,SU,1152,Сочи,Шереметьево,Сочи,06:20,06:19,2026-03-25 06:20,2026-03-25 06:19,2026-03-26 06:50:44
SVO,SU1602,SU,1602,Самара,Шереметьево,Курумоч,06:30,06:26,2026-03-25 06:30,2026-03-25 06:26,2026-03-26 06:50:44
SVO,SU1256,SU,1256,Краснодар,Шереметьево,Пашковский,06:30,06:30,2026-03-25 06:30,2026-03-25 06:30,2026-03-26 06:50:44
SVO,AH3001,AH,3001,Алжир,Шереметьево,Хуари Бумедиене,04:10,06:42,2026-03-25 04:10,2026-03-25 06:42,2026-03-26 06:50:44
SVO,SU1246,SU,1246,Оренбург,Шереметьево,Центральный (Оренбург),06:55,06:46,2026-03-25 06:55,2026-03-25 06:46,2026-03-26 06:50:44
SVO,SU2140,SU,2140,Стамбул,Шереметьево,Стамбул,06:55,06:52,2026-03-25 06:55,2026-03-25 06:52,2026-03-26 06:50:44
SVO,SU1222,SU,1222,Нижний Новгород,Шереметьево,Стригино,06:55,06:54,2026-03-25 06:55,2026-03-25 06:54,2026-03-26 06:50:44
SVO,DP6903,DP,6903,Магас,Шереметьево,Магас,07:00,06:56,2026-03-25 07:00,2026-03-25 06:56,2026-03-26 06:50:44
SVO,SM784,SM,784,Хургада,Шереметьево,Хургада Интл.,06:40,06:57,2026-03-25 06:40,2026-03-25 06:57,2026-03-26 06:50:44
SVO,FV6223,FV,6223,Челябинск,Шереметьево,Баландино,07:00,07:00,2026-03-25 07:00,2026-03-25 07:00,2026-03-26 06:50:44
SVO,SU6223,SU,6223,Челябинск,Шереметьево,Баландино,07:00,07:00,2026-03-25 07:00,2026-03-25 07:00,2026-03-26 06:50:44
SVO,SU422,SU,422,Хургада,Шереметьево,Хургада Интл.,07:10,07:04,2026-03-25 07:10,2026-03-25 07:04,2026-03-26 06:50:44
SVO,DP6583,DP,6583,Самара,Шереметьево,Курумоч,07:05,07:06,2026-03-25 07:05,2026-03-25 07:06,2026-03-26 06:50:44
SVO,SU1148,SU,1148,Геленджик,Шереметьево,Геленджик,07:15,07:08,2026-03-25 07:15,2026-03-25 07:08,2026-03-26 06:50:44
SVO,DP6807,DP,6807,Чебоксары,Шереметьево,Чебоксары,07:05,07:13,2026-03-25 07:05,2026-03-25 07:13,2026-03-26 06:50:44
SVO,SU1356,SU,1356,Саратов,Шереметьево,Гагарин,07:25,07:23,2026-03-25 07:25,2026-03-25 07:23,2026-03-26 06:50:44
SVO,SU1236,SU,1236,Уфа,Шереметьево,Уфа,07:25,07:24,2026-03-25 07:25,2026-03-25 07:24,2026-03-26 06:50:44
SVO,SU1122,SU,1122,Сочи,Шереметьево,Сочи,07:30,07:26,2026-03-25 07:30,2026-03-25 07:26,2026-03-26 06:50:44
SVO,DP6913,DP,6913,Минеральные воды,Шереметьево,Минеральные Воды,07:20,07:27,2026-03-25 07:20,2026-03-25 07:27,2026-03-26 06:50:44
SVO,SU1434,SU,1434,Магнитогорск,Шереметьево,Магнитогорск,07:40,07:34,2026-03-25 07:40,2026-03-25 07:34,2026-03-26 06:50:44
SVO,FV6377,FV,6377,Ижевск,Шереметьево,Ижевск,07:40,07:35,2026-03-25 07:40,2026-03-25 07:35,2026-03-26 06:50:44
SVO,SU1310,SU,1310,Минеральные воды,Шереметьево,Минеральные Воды,07:35,07:35,2026-03-25 07:35,2026-03-25 07:35,2026-03-26 06:50:44
SVO,SU6377,SU,6377,Ижевск,Шереметьево,Ижевск,07:40,07:35,2026-03-25 07:40,2026-03-25 07:35,2026-03-26 06:50:44
SVO,SU1318,SU,1318,Мурманск,Шереметьево,Мурманск,07:45,07:36,2026-03-25 07:45,2026-03-25 07:36,2026-03-26 06:50:44
SVO,SU1400,SU,1400,Екатеринбург,Шереметьево,Кольцово,07:50,07:42,2026-03-25 07:50,2026-03-25 07:42,2026-03-26 06:50:44
SVO,DP6965,DP,6965,Волгоград,Шереметьево,Гумрак,07:45,07:44,2026-03-25 07:45,2026-03-25 07:44,2026-03-26 06:50:44
SVO,SU1872,SU,1872,Ташкент,Шереметьево,Ташкент Интл.,07:50,07:45,2026-03-25 07:50,2026-03-25 07:45,2026-03-26 06:50:44
SVO,SU1828,SU,1828,Гянджа,Шереметьево,Гянджа,07:55,07:46,2026-03-25 07:55,2026-03-25 07:46,2026-03-26 06:50:44
SVO,DP6809,DP,6809,Киров,Шереметьево,Победилово,07:35,07:47,2026-03-25 07:35,2026-03-25 07:47,2026-03-26 06:50:44
SVO,DP6841,DP,6841,Казань,Шереметьево,Казань,07:40,07:48,2026-03-25 07:40,2026-03-25 07:48,2026-03-26 06:50:44
SVO,SU1758,SU,1758,Волгоград,Шереметьево,Гумрак,07:50,07:50,2026-03-25 07:50,2026-03-25 07:50,2026-03-26 06:50:44
SVO,SU1270,SU,1270,Казань,Шереметьево,Казань,08:00,07:55,2026-03-25 08:00,2026-03-25 07:55,2026-03-26 06:50:44
SVO,SU1504,SU,1504,Тюмень,Шереметьево,Рощино,08:05,08:02,2026-03-25 08:05,2026-03-25 08:02,2026-03-26 06:50:44
SVO,DP6919,DP,6919,Ставрополь,Шереметьево,Шпаковское,07:55,08:04,2026-03-25 07:55,2026-03-25 08:04,2026-03-26 06:50:44
SVO,SU1886,SU,1886,Бишкек,Шереметьево,Манас Интл.,08:10,08:06,2026-03-25 08:10,2026-03-25 08:06,2026-03-26 06:50:44
SVO,SU1854,SU,1854,Баку,Шереметьево,Им. Гейдара Алиева,08:10,08:07,2026-03-25 08:10,2026-03-25 08:07,2026-03-26 06:50:44
SVO,DP6863,DP,6863,Саратов,Шереметьево,Гагарин,08:05,08:08,2026-03-25 08:05,2026-03-25 08:08,2026-03-26 06:50:44
SVO,SU1498,SU,1498,Грозный,Шереметьево,Северный(Грозный),08:15,08:11,2026-03-25 08:15,2026-03-25 08:11,2026-03-26 06:50:44
SVO,SU426,SU,426,Шарм Эль Шейх,Шереметьево,Шарм Эль Шейх Интл.,08:20,08:18,2026-03-25 08:20,2026-03-25 08:18,2026-03-26 06:50:44
SVO,SU1200,SU,1200,Пермь,Шереметьево,Большое Савино,08:25,08:20,2026-03-25 08:25,2026-03-25 08:20,2026-03-26 06:50:44
SVO,SU1830,SU,1830,Минск,Шереметьево,Минск Интл.,08:30,08:22,2026-03-25 08:30,2026-03-25 08:22,2026-03-26 06:50:44
SVO,SU2130,SU,2130,Стамбул,Шереметьево,Стамбул,08:30,08:22,2026-03-25 08:30,2026-03-25 08:22,2026-03-26 06:50:44
SVO,N41401,N4,1401,Бохтар,Шереметьево,Бохтар Интл.,08:35,08:28,2026-03-25 08:35,2026-03-25 08:28,2026-03-26 06:50:44
SVO,SU1108,SU,1108,Краснодар,Шереметьево,Пашковский,08:35,08:29,2026-03-25 08:35,2026-03-25 08:29,2026-03-26 06:50:44
SVO,DP6905,DP,6905,Владикавказ,Шереметьево,Беслан,08:25,08:30,2026-03-25 08:25,2026-03-25 08:30,2026-03-26 06:50:44
SVO,DP6961,DP,6961,Астрахань,Шереметьево,Нариманово,07:30,08:33,2026-03-25 07:30,2026-03-25 08:33,2026-03-26 06:50:44
SVO,SU1864,SU,1864,Ереван,Шереметьево,Звартноц Интл.,08:40,08:34,2026-03-25 08:40,2026-03-25 08:34,2026-03-26 06:50:44
SVO,SU1444,SU,1444,Иркутск,Шереметьево,Иркутск,07:55,08:48,2026-03-25 07:55,2026-03-25 08:48,2026-03-26 06:50:44
SVO,DP6921,DP,6921,Махачкала,Шереметьево,Уйташ,08:50,08:55,2026-03-25 08:50,2026-03-25 08:55,2026-03-26 06:50:44
SVO,SU1136,SU,1136,Сочи,Шереметьево,Сочи,08:20,08:57,2026-03-25 08:20,2026-03-25 08:57,2026-03-26 06:50:44
SVO,SU1540,SU,1540,Новокузнецк,Шереметьево,Новокузнецк,09:00,09:00,2026-03-25 09:00,2026-03-25 09:00,2026-03-26 06:50:44
SVO,SU1678,SU,1678,Астрахань,Шереметьево,Нариманово,09:05,09:02,2026-03-25 09:05,2026-03-25 09:02,2026-03-26 06:50:44
SVO,AT221,AT,221,Касабланка,Шереметьево,Мохаммед Пятый,08:20,09:03,2026-03-25 08:20,2026-03-25 09:03,2026-03-26 06:50:44
SVO,SU1366,SU,1366,Ставрополь,Шереметьево,Шпаковское,09:15,09:05,2026-03-25 09:15,2026-03-25 09:05,2026-03-26 06:50:44
SVO,SU1134,SU,1134,Сочи,Шереметьево,Сочи,09:15,09:13,2026-03-25 09:15,2026-03-25 09:13,2026-03-26 06:50:44
SVO,SU1322,SU,1322,Мурманск,Шереметьево,Мурманск,09:25,09:16,2026-03-25 09:25,2026-03-25 09:16,2026-03-26 06:50:44
SVO,SU1230,SU,1230,Уфа,Шереметьево,Уфа,09:20,09:18,2026-03-25 09:20,2026-03-25 09:18,2026-03-26 06:50:44
SVO,SU1344,SU,1344,Минеральные воды,Шереметьево,Минеральные Воды,09:25,09:18,2026-03-25 09:25,2026-03-25 09:18,2026-03-26 06:50:44
SVO,SU2146,SU,2146,Анталья,Шереметьево,Анталья,08:55,09:22,2026-03-25 08:55,2026-03-25 09:22,2026-03-26 06:50:44
SVO,SU1544,SU,1544,Пенза,Шереметьево,Пенза,09:30,09:24,2026-03-25 09:30,2026-03-25 09:24,2026-03-26 06:50:44
SVO,SU1582,SU,1582,Горно-Алтайск,Шереметьево,Горно-Алтайск,09:35,09:29,2026-03-25 09:35,2026-03-25 09:29,2026-03-26 06:50:44
SVO,SU1412,SU,1412,Екатеринбург,Шереметьево,Кольцово,09:45,09:37,2026-03-25 09:45,2026-03-25 09:37,2026-03-26 06:50:44
SVO,SU1460,SU,1460,Новосибирск,Шереметьево,Толмачёво,09:15,09:38,2026-03-25 09:15,2026-03-25 09:38,2026-03-26 06:50:44
SVO,SU400,SU,400,Каир,Шереметьево,Каир Интл.,09:50,09:43,2026-03-25 09:50,2026-03-25 09:43,2026-03-26 06:50:44
SVO,SU1486,SU,1486,Красноярск,Шереметьево,Красноярск,09:55,09:48,2026-03-25 09:55,2026-03-25 09:48,2026-03-26 06:50:44
SVO,DP6941,DP,6941,Сочи,Шереметьево,Сочи,09:45,09:52,2026-03-25 09:45,2026-03-25 09:52,2026-03-26 06:50:44
SVO,SU2136,SU,2136,Стамбул,Шереметьево,Стамбул,10:05,09:59,2026-03-25 10:05,2026-03-25 09:59,2026-03-26 06:50:44
SVO,B2976,B2,976,Минск,Шереметьево,Минск Интл.,10:05,10:00,2026-03-25 10:05,2026-03-25 10:00,2026-03-26 06:50:44
SVO,FV6337,FV,6337,Архангельск,Шереметьево,Талаги,10:00,10:00,2026-03-25 10:00,2026-03-25 10:00,2026-03-26 06:50:44
SVO,SU6337,SU,6337,Архангельск,Шереметьево,Талаги,10:00,10:00,2026-03-25 10:00,2026-03-25 10:00,2026-03-26 06:50:44
SVO,DP505,DP,505,Санкт-Петербург,Шереметьево,Пулково,09:55,10:06,2026-03-25 09:55,2026-03-25 10:06,2026-03-26 06:50:44
SVO,SU1604,SU,1604,Самара,Шереметьево,Курумоч,10:10,10:09,2026-03-25 10:10,2026-03-25 10:09,2026-03-26 06:50:44
SVO,5N521,5N,521,Мурманск,Шереметьево,Мурманск,10:25,10:15,2026-03-25 10:25,2026-03-25 10:15,2026-03-26 06:50:44
SVO,SU1208,SU,1208,Краснодар,Шереметьево,Пашковский,10:20,10:19,2026-03-25 10:20,2026-03-25 10:19,2026-03-26 06:50:44
SVO,SU1000,SU,1000,Калининград,Шереметьево,Храброво,07:20,10:23,2026-03-25 07:20,2026-03-25 10:23,2026-03-26 06:50:44
SVO,FV6207,FV,6207,Екатеринбург,Шереметьево,Кольцово,10:30,10:35,2026-03-25 10:30,2026-03-25 10:35,2026-03-26 06:50:44
SVO,SU6207,SU,6207,Екатеринбург,Шереметьево,Кольцово,10:30,10:35,2026-03-25 10:30,2026-03-25 10:35,2026-03-26 06:50:44
SVO,SU006,SU,006,Санкт-Петербург,Шереметьево,Пулково,07:25,10:45,2026-03-25 07:25,2026-03-25 10:45,2026-03-26 06:50:44
SVO,SU1190,SU,1190,Казань,Шереметьево,Казань,10:40,10:55,2026-03-25 10:40,2026-03-25 10:55,2026-03-26 06:50:44
SVO,SU1060,SU,1060,Орск,Шереметьево,Орск,10:45,10:57,2026-03-25 10:45,2026-03-25 10:57,2026-03-26 06:50:44
SVO,SU1054,SU,1054,Махачкала,Шереметьево,Уйташ,10:35,11:02,2026-03-25 10:35,2026-03-25 11:02,2026-03-26 06:50:44
SVO,SU1202,SU,1202,Пермь,Шереметьево,Большое Савино,11:00,11:07,2026-03-25 11:00,2026-03-25 11:07,2026-03-26 06:50:44
SVO,DP6835,DP,6835,Калининград,Шереметьево,Храброво,07:30,11:09,2026-03-25 07:30,2026-03-25 11:09,2026-03-26 06:50:44
SVO,SU1420,SU,1420,Челябинск,Шереметьево,Баландино,10:50,11:13,2026-03-25 10:50,2026-03-25 11:13,2026-03-26 06:50:44
SVO,EY842,EY,842,Абу-Даби,Шереметьево,Абу-Даби,11:05,11:14,2026-03-25 11:05,2026-03-25 11:14,2026-03-26 06:50:44
SVO,N4334,N4,334,Санкт-Петербург,Шереметьево,Пулково,08:00,11:17,2026-03-25 08:00,2026-03-25 11:17,2026-03-26 06:50:44
SVO,FV6415,FV,6415,Волгоград,Шереметьево,Гумрак,11:00,11:19,2026-03-25 11:00,2026-03-25 11:19,2026-03-26 06:50:44
SVO,SU6415,SU,6415,Волгоград,Шереметьево,Гумрак,11:00,11:19,2026-03-25 11:00,2026-03-25 11:19,2026-03-26 06:50:44
SVO,SU1312,SU,1312,Минеральные воды,Шереметьево,Минеральные Воды,11:10,11:33,2026-03-25 11:10,2026-03-25 11:33,2026-03-26 06:50:44
SVO,DP6901,DP,6901,Нальчик,Шереметьево,Нальчик,11:05,11:36,2026-03-25 11:05,2026-03-25 11:36,2026-03-26 06:50:44
SVO,FV6043,FV,6043,Санкт-Петербург,Шереметьево,Пулково,11:00,11:37,2026-03-25 11:00,2026-03-25 11:37,2026-03-26 06:50:44
SVO,SU6043,SU,6043,Санкт-Петербург,Шереметьево,Пулково,11:00,11:37,2026-03-25 11:00,2026-03-25 11:37,2026-03-26 06:50:44
SVO,SU1780,SU,1780,Санкт-Петербург,Шереметьево,Пулково,10:00,11:39,2026-03-25 10:00,2026-03-25 11:39,2026-03-26 06:50:44
SVO,SU1150,SU,1150,Сочи,Шереметьево,Сочи,11:05,11:43,2026-03-25 11:05,2026-03-25 11:43,2026-03-26 06:50:44
SVO,SU1572,SU,1572,Элиста,Шереметьево,Элиста,11:20,11:44,2026-03-25 11:20,2026-03-25 11:44,2026-03-26 06:50:44
SVO,SU1320,SU,1320,Мурманск,Шереметьево,Мурманск,11:15,11:45,2026-03-25 11:15,2026-03-25 11:45,2026-03-26 06:50:44
SVO,YC190,YC,190,Новый Уренгой,Шереметьево,Новый Уренгой,10:30,11:45,2026-03-25 10:30,2026-03-25 11:45,2026-03-26 06:50:44
SVO,SU1156,SU,1156,Краснодар,Шереметьево,Пашковский,11:40,11:48,2026-03-25 11:40,2026-03-25 11:48,2026-03-26 06:50:44
SVO,SU1860,SU,1860,Ереван,Шереметьево,Звартноц Интл.,11:30,11:51,2026-03-25 11:30,2026-03-25 11:51,2026-03-26 06:50:44
SVO,SU1962,SU,1962,Астана,Шереметьево,Нурсултан Назарбаев,11:55,11:55,2026-03-25 11:55,2026-03-25 11:55,2026-03-26 06:50:44
SVO,YC232,YC,232,Салехард,Шереметьево,Салехард,11:35,11:57,2026-03-25 11:35,2026-03-25 11:57,2026-03-26 06:50:44
SVO,SU1368,SU,1368,Ставрополь,Шереметьево,Шпаковское,11:35,12:18,2026-03-25 11:35,2026-03-25 12:18,2026-03-26 06:50:44
SVO,SU1018,SU,1018,Калининград,Шереметьево,Храброво,11:20,12:31,2026-03-25 11:20,2026-03-25 12:31,2026-03-26 06:50:44
SVO,DP6923,DP,6923,Махачкала,Шереметьево,Уйташ,12:15,12:32,2026-03-25 12:15,2026-03-25 12:32,2026-03-26 06:50:44
SVO,HU766,HU,766,Хайкоу,Шереметьево,Мэйлань Интл.,12:25,12:37,2026-03-25 12:25,2026-03-25 12:37,2026-03-26 06:50:44
SVO,SU1234,SU,1234,Уфа,Шереметьево,Уфа,11:15,12:39,2026-03-25 11:15,2026-03-25 12:39,2026-03-26 06:50:44
SVO,SU2142,SU,2142,Анталья,Шереметьево,Анталья,11:30,13:24,2026-03-25 11:30,2026-03-25 13:24,2026-03-26 06:50:44
SVO,SU1124,SU,1124,Сочи,Шереметьево,Сочи,12:10,13:30,2026-03-25 12:10,2026-03-25 13:30,2026-03-26 06:50:44
SVO,SU1076,SU,1076,Новосибирск,Шереметьево,Толмачёво,12:20,13:31,2026-03-25 12:20,2026-03-25 13:31,2026-03-26 06:50:44
SVO,SU2132,SU,2132,Стамбул,Шереметьево,Стамбул,11:45,13:31,2026-03-25 11:45,2026-03-25 13:31,2026-03-26 06:50:44
SVO,SU1300,SU,1300,Минеральные воды,Шереметьево,Минеральные Воды,12:40,13:40,2026-03-25 12:40,2026-03-25 13:40,2026-03-26 06:50:44
SVO,SU1974,SU,1974,Ташкент,Шереметьево,Ташкент Интл.,12:45,13:48,2026-03-25 12:45,2026-03-25 13:48,2026-03-26 06:50:44
SVO,SU1346,SU,1346,Апатиты,Шереметьево,Хибины,11:50,13:56,2026-03-25 11:50,2026-03-25 13:56,2026-03-26 06:50:44
SVO,SU6215,SU,6215,Санкт-Петербург,Шереметьево,Пулково,11:30,14:17,2026-03-25 11:30,2026-03-25 14:17,2026-03-26 06:50:44
SVO,FV6045,FV,6045,Санкт-Петербург,Шереметьево,Пулково,13:30,14:20,2026-03-25 13:30,2026-03-25 14:20,2026-03-26 06:50:44
SVO,SU6045,SU,6045,Санкт-Петербург,Шереметьево,Пулково,13:30,14:20,2026-03-25 13:30,2026-03-25 14:20,2026-03-26 06:50:44
SVO,FV6221,FV,6221,Нижний Новгород,Шереметьево,Стригино,13:15,14:22,2026-03-25 13:15,2026-03-25 14:22,2026-03-26 06:50:44
SVO,SU6221,SU,6221,Нижний Новгород,Шереметьево,Стригино,13:15,14:22,2026-03-25 13:15,2026-03-25 14:22,2026-03-26 06:50:44
SVO,DP6967,DP,6967,Волгоград,Шереметьево,Гумрак,14:10,14:23,2026-03-25 14:10,2026-03-25 14:23,2026-03-26 06:50:44
SVO,FV6137,FV,6137,Казань,Шереметьево,Казань,13:05,14:24,2026-03-25 13:05,2026-03-25 14:24,2026-03-26 06:50:44
SVO,SU6137,SU,6137,Казань,Шереметьево,Казань,13:05,14:24,2026-03-25 13:05,2026-03-25 14:24,2026-03-26 06:50:44
SVO,FV6012,FV,6012,Санкт-Петербург,Шереметьево,Пулково,14:00,15:08,2026-03-25 14:00,2026-03-25 15:08,2026-03-26 06:50:44
SVO,SU1402,SU,1402,Екатеринбург,Шереметьево,Кольцово,13:25,15:14,2026-03-25 13:25,2026-03-25 15:14,2026-03-26 06:50:44
SVO,2S002,2S,002,Анталья,Шереметьево,Анталья,12:45,15:16,2026-03-25 12:45,2026-03-25 15:16,2026-03-26 06:50:44
SVO,FVW6043,FV,W6043,Санкт-Петербург,Шереметьево,Пулково,13:30,15:16,2026-03-25 13:30,2026-03-25 15:16,2026-03-26 06:50:44
SVO,FV6404,FV,6404,Санкт-Петербург,Шереметьево,Пулково,13:05,15:20,2026-03-25 13:05,2026-03-25 15:20,2026-03-26 06:50:44
SVO,SU1606,SU,1606,Самара,Шереметьево,Курумоч,13:15,15:25,2026-03-25 13:15,2026-03-25 15:25,2026-03-26 06:50:44
SVO,SU224,SU,224,Санья,Шереметьево,Феникс Интл.,13:55,15:26,2026-03-25 13:55,2026-03-25 15:26,2026-03-26 06:50:44
SVO,SU430,SU,430,Шарм Эль Шейх,Шереметьево,Шарм Эль Шейх Интл.,12:30,15:31,2026-03-25 12:30,2026-03-25 15:31,2026-03-26 06:50:44
SVO,SU1266,SU,1266,Краснодар,Шереметьево,Пашковский,13:00,15:35,2026-03-25 13:00,2026-03-25 15:35,2026-03-26 06:50:44
SVO,DP6821,DP,6821,Санкт-Петербург,Шереметьево,Пулково,14:25,15:37,2026-03-25 14:25,2026-03-25 15:37,2026-03-26 06:50:44
SVO,FV6069,FV,6069,Махачкала,Шереметьево,Уйташ,08:05,15:37,2026-03-25 08:05,2026-03-25 15:37,2026-03-26 06:50:44
SVO,FV6245,FV,6245,Санкт-Петербург,Шереметьево,Пулково,12:30,15:37,2026-03-25 12:30,2026-03-25 15:37,2026-03-26 06:50:44
SVO,JU131,JU,131,Белград,Шереметьево,Никола Теслa,14:00,15:37,2026-03-25 14:00,2026-03-25 15:37,2026-03-26 06:50:44
SVO,SU6069,SU,6069,Махачкала,Шереметьево,Уйташ,08:05,15:37,2026-03-25 08:05,2026-03-25 15:37,2026-03-26 06:50:44
SVO,SU6245,SU,6245,Санкт-Петербург,Шереметьево,Пулково,12:30,15:37,2026-03-25 12:30,2026-03-25 15:37,2026-03-26 06:50:44
SVO,DP6845,DP,6845,Нижнекамск,Шереметьево,Бегишево,14:10,15:43,2026-03-25 14:10,2026-03-25 15:43,2026-03-26 06:50:44
SVO,B2918,B2,918,Брест,Шереметьево,Брест,13:45,15:44,2026-03-25 13:45,2026-03-25 15:44,2026-03-26 06:50:44
SVO,SU1422,SU,1422,Челябинск,Шереметьево,Баландино,14:05,15:48,2026-03-25 14:05,2026-03-25 15:48,2026-03-26 06:50:44
SVO,UJ616,UJ,616,Шарм Эль Шейх,Шереметьево,Шарм Эль Шейх Интл.,14:30,15:48,2026-03-25 14:30,2026-03-25 15:48,2026-03-26 06:50:44
SVO,FVW6330,FV,W6330,Санкт-Петербург,Шереметьево,Пулково,12:55,15:50,2026-03-25 12:55,2026-03-25 15:50,2026-03-26 06:50:44
SVO,N4077,N4,077,Оренбург,Шереметьево,Центральный (Оренбург),14:55,15:51,2026-03-25 14:55,2026-03-25 15:51,2026-03-26 06:50:44
SVO,FV6367,FV,6367,Тюмень,Шереметьево,Рощино,14:15,15:54,2026-03-25 14:15,2026-03-25 15:54,2026-03-26 06:50:44
SVO,SU420,SU,420,Хургада,Шереметьево,Хургада Интл.,15:25,15:54,2026-03-25 15:25,2026-03-25 15:54,2026-03-26 06:50:44
SVO,SU6367,SU,6367,Тюмень,Шереметьево,Рощино,14:15,15:54,2026-03-25 14:15,2026-03-25 15:54,2026-03-26 06:50:44
SVO,SU1126,SU,1126,Сочи,Шереметьево,Сочи,14:30,15:56,2026-03-25 14:30,2026-03-25 15:56,2026-03-26 06:50:44
SVO,SU1496,SU,1496,Грозный,Шереметьево,Северный(Грозный),15:25,15:56,2026-03-25 15:25,2026-03-25 15:56,2026-03-26 06:50:44
SVO,SU1680,SU,1680,Нижнекамск,Шереметьево,Бегишево,15:00,15:57,2026-03-25 15:00,2026-03-25 15:57,2026-03-26 06:50:44
SVO,SU1700,SU,1700,Владивосток,Шереметьево,Кневичи,15:50,16:00,2026-03-25 15:50,2026-03-25 16:00,2026-03-26 06:50:44
SVO,SU1404,SU,1404,Екатеринбург,Шереметьево,Кольцово,15:45,16:02,2026-03-25 15:45,2026-03-25 16:02,2026-03-26 06:50:44
SVO,SU1946,SU,1946,Алматы,Шереметьево,Алматы Интл.,14:45,16:03,2026-03-25 14:45,2026-03-25 16:03,2026-03-26 06:50:44
SVO,SU1276,SU,1276,Казань,Шереметьево,Казань,16:10,16:09,2026-03-25 16:10,2026-03-25 16:09,2026-03-26 06:50:44
SVO,SU1328,SU,1328,Мурманск,Шереметьево,Мурманск,15:05,16:11,2026-03-25 15:05,2026-03-25 16:11,2026-03-26 06:50:44
SVO,SU1364,SU,1364,Ставрополь,Шереметьево,Шпаковское,14:55,16:11,2026-03-25 14:55,2026-03-25 16:11,2026-03-26 06:50:44
SVO,DP6915,DP,6915,Минеральные воды,Шереметьево,Минеральные Воды,16:00,16:13,2026-03-25 16:00,2026-03-25 16:13,2026-03-26 06:50:44
SVO,FV6497,FV,6497,Санкт-Петербург,Шереметьево,Пулково,16:00,16:13,2026-03-25 16:00,2026-03-25 16:13,2026-03-26 06:50:44
SVO,SU1862,SU,1862,Ереван,Шереметьево,Звартноц Интл.,14:55,16:13,2026-03-25 14:55,2026-03-25 16:13,2026-03-26 06:50:44
SVO,SU6497,SU,6497,Санкт-Петербург,Шереметьево,Пулково,16:00,16:13,2026-03-25 16:00,2026-03-25 16:13,2026-03-26 06:50:44
SVO,SU1586,SU,1586,Чебоксары,Шереметьево,Чебоксары,16:20,16:20,2026-03-25 16:20,2026-03-25 16:20,2026-03-26 06:50:44
SVO,SU1858,SU,1858,Ереван,Шереметьево,Звартноц Интл.,13:00,16:27,2026-03-25 13:00,2026-03-25 16:27,2026-03-26 06:50:44
SVO,SU1358,SU,1358,Саратов,Шереметьево,Гагарин,16:05,16:29,2026-03-25 16:05,2026-03-25 16:29,2026-03-26 06:50:44
SVO,SU1140,SU,1140,Сочи,Шереметьево,Сочи,16:35,16:50,2026-03-25 16:35,2026-03-25 16:50,2026-03-26 06:50:44
SVO,FV6297,FV,6297,Хабаровск,Шереметьево,Новый,16:55,16:55,2026-03-25 16:55,2026-03-25 16:55,2026-03-26 06:50:44
SVO,SU6297,SU,6297,Хабаровск,Шереметьево,Новый,16:55,16:55,2026-03-25 16:55,2026-03-25 16:55,2026-03-26 06:50:44
SVO,SU1324,SU,1324,Мурманск,Шереметьево,Мурманск,17:00,16:57,2026-03-25 17:00,2026-03-25 16:57,2026-03-26 06:50:44
SVO,FV6381,FV,6381,Ижевск,Шереметьево,Ижевск,17:05,17:02,2026-03-25 17:05,2026-03-25 17:02,2026-03-26 06:50:44
SVO,SU6381,SU,6381,Ижевск,Шереметьево,Ижевск,17:05,17:02,2026-03-25 17:05,2026-03-25 17:02,2026-03-26 06:50:44
SVO,SU1010,SU,1010,Калининград,Шереметьево,Храброво,16:30,17:04,2026-03-25 16:30,2026-03-25 17:04,2026-03-26 06:50:44
SVO,SU1258,SU,1258,Уфа,Шереметьево,Уфа,16:35,17:05,2026-03-25 16:35,2026-03-25 17:05,2026-03-26 06:50:44
SVO,SU1250,SU,1250,Нижнекамск,Шереметьево,Бегишево,17:20,17:19,2026-03-25 17:20,2026-03-25 17:19,2026-03-26 06:50:44
SVO,SU1204,SU,1204,Пермь,Шереметьево,Большое Савино,17:35,17:49,2026-03-25 17:35,2026-03-25 17:49,2026-03-26 06:50:44
SVO,MU248,MU,248,Шанхай,Шереметьево,Пудун Интл.,16:45,18:01,2026-03-25 16:45,2026-03-25 18:01,2026-03-26 06:50:44
SVO,SU5814,SU,5814,Владивосток,Шереметьево,Кневичи,17:50,18:01,2026-03-25 17:50,2026-03-25 18:01,2026-03-26 06:50:44
SVO,SU1414,SU,1414,Екатеринбург,Шереметьево,Кольцово,17:40,18:03,2026-03-25 17:40,2026-03-25 18:03,2026-03-26 06:50:44
SVO,FV6515,FV,6515,Санкт-Петербург,Шереметьево,Пулково,16:30,18:10,2026-03-25 16:30,2026-03-25 18:10,2026-03-26 06:50:44
SVO,SU6515,SU,6515,Санкт-Петербург,Шереметьево,Пулково,16:30,18:10,2026-03-25 16:30,2026-03-25 18:10,2026-03-26 06:50:44
SVO,SU2138,SU,2138,Стамбул,Шереметьево,Стамбул,18:15,18:14,2026-03-25 18:15,2026-03-25 18:14,2026-03-26 06:50:44
SVO,FV6079,FV,6079,Ульяновск,Шереметьево,Баратаевка,18:15,18:17,2026-03-25 18:15,2026-03-25 18:17,2026-03-26 06:50:44
SVO,SU6079,SU,6079,Ульяновск,Шереметьево,Баратаевка,18:15,18:17,2026-03-25 18:15,2026-03-25 18:17,2026-03-26 06:50:44
SVO,SU1214,SU,1214,Самара,Шереметьево,Курумоч,17:10,18:20,2026-03-25 17:10,2026-03-25 18:20,2026-03-26 06:50:44
SVO,DP6861,DP,6861,Саратов,Шереметьево,Гагарин,14:10,18:27,2026-03-25 14:10,2026-03-25 18:27,2026-03-26 06:50:44
SVO,SU030,SU,030,Санкт-Петербург,Шереметьево,Пулково,17:30,18:27,2026-03-25 17:30,2026-03-25 18:27,2026-03-26 06:50:44
SVO,SU1184,SU,1184,Волгоград,Шереметьево,Гумрак,18:40,18:34,2026-03-25 18:40,2026-03-25 18:34,2026-03-26 06:50:44
SVO,SU024,SU,024,Санкт-Петербург,Шереметьево,Пулково,18:30,18:36,2026-03-25 18:30,2026-03-25 18:36,2026-03-26 06:50:44
SVO,SU1868,SU,1868,Ереван,Шереметьево,Звартноц Интл.,18:45,18:41,2026-03-25 18:45,2026-03-25 18:41,2026-03-26 06:50:44
SVO,SU1730,SU,1730,Петропавловск-Камч.,Шереметьево,Елизово,17:30,18:47,2026-03-25 17:30,2026-03-25 18:47,2026-03-26 06:50:44
SVO,SU1194,SU,1194,Казань,Шереметьево,Казань,18:05,18:49,2026-03-25 18:05,2026-03-25 18:49,2026-03-26 06:50:44
SVO,SU1768,SU,1768,Пермь,Шереметьево,Большое Савино,15:20,18:50,2026-03-25 15:20,2026-03-25 18:50,2026-03-26 06:50:44
SVO,CZ342,CZ,342,Пекин,Шереметьево,Дасин Интл.,19:00,18:56,2026-03-25 19:00,2026-03-25 18:56,2026-03-26 06:50:44
SVO,D2152,D2,152,Череповец,Шереметьево,Череповец,09:40,18:57,2026-03-25 09:40,2026-03-25 18:57,2026-03-26 06:50:44
SVO,DP6831,DP,6831,Калининград,Шереметьево,Храброво,16:05,18:59,2026-03-25 16:05,2026-03-25 18:59,2026-03-26 06:50:44
SVO,FV6283,FV,6283,Южно-Сахалинск,Шереметьево,Хомутово,18:50,19:04,2026-03-25 18:50,2026-03-25 19:04,2026-03-26 06:50:44
SVO,SU6283,SU,6283,Южно-Сахалинск,Шереметьево,Хомутово,18:50,19:04,2026-03-25 18:50,2026-03-25 19:04,2026-03-26 06:50:44
SVO,SU1132,SU,1132,Сочи,Шереметьево,Сочи,19:05,19:05,2026-03-25 19:05,2026-03-25 19:05,2026-03-26 06:50:44
SVO,SU1216,SU,1216,Самара,Шереметьево,Курумоч,18:55,19:05,2026-03-25 18:55,2026-03-25 19:05,2026-03-26 06:50:44
SVO,DP6825,DP,6825,Санкт-Петербург,Шереметьево,Пулково,18:45,19:06,2026-03-25 18:45,2026-03-25 19:06,2026-03-26 06:50:44
SVO,SU1750,SU,1750,Якутск,Шереметьево,Якутск,18:50,19:06,2026-03-25 18:50,2026-03-25 19:06,2026-03-26 06:50:44
SVO,SU294,SU,294,Нячанг,Шереметьево,Камрань Интл.,19:05,19:06,2026-03-25 19:05,2026-03-25 19:06,2026-03-26 06:50:44
SVO,FV6579,FV,6579,Санкт-Петербург,Шереметьево,Пулково,19:00,19:08,2026-03-25 19:00,2026-03-25 19:08,2026-03-26 06:50:44
SVO,SU278,SU,278,Пхукет,Шереметьево,Пхукет Интл.,18:15,19:08,2026-03-25 18:15,2026-03-25 19:08,2026-03-26 06:50:44
SVO,SU6579,SU,6579,Санкт-Петербург,Шереметьево,Пулково,19:00,19:08,2026-03-25 19:00,2026-03-25 19:08,2026-03-26 06:50:44
SVO,SU1314,SU,1314,Минеральные воды,Шереметьево,Минеральные Воды,19:10,19:10,2026-03-25 19:10,2026-03-25 19:10,2026-03-26 06:50:44
SVO,VN062,VN,062,Ханой,Шереметьево,Нойбай Интл.,16:40,19:10,2026-03-25 16:40,2026-03-25 19:10,2026-03-26 06:50:44
SVO,SU270,SU,270,Бангкок,Шереметьево,Суварнамбхуми Интл.,19:15,19:14,2026-03-25 19:15,2026-03-25 19:14,2026-03-26 06:50:44
SVO,DP6581,DP,6581,Самара,Шереметьево,Курумоч,15:40,19:17,2026-03-25 15:40,2026-03-25 19:17,2026-03-26 06:50:44
SVO,FV6495,FV,6495,Санкт-Петербург,Шереметьево,Пулково,15:00,19:25,2026-03-25 15:00,2026-03-25 19:25,2026-03-26 06:50:44
SVO,SU054,SU,054,Санкт-Петербург,Шереметьево,Пулково,18:00,19:25,2026-03-25 18:00,2026-03-25 19:25,2026-03-26 06:50:44
SVO,SU6495,SU,6495,Санкт-Петербург,Шереметьево,Пулково,15:00,19:25,2026-03-25 15:00,2026-03-25 19:25,2026-03-26 06:50:44
SVO,FV6093,FV,6093,Санкт-Петербург,Шереметьево,Пулково,19:30,19:33,2026-03-25 19:30,2026-03-25 19:33,2026-03-26 06:50:44
SVO,SU6093,SU,6093,Санкт-Петербург,Шереметьево,Пулково,19:30,19:33,2026-03-25 19:30,2026-03-25 19:33,2026-03-26 06:50:44
SVO,MU592,MU,592,Шанхай,Шереметьево,Пудун Интл.,19:10,19:35,2026-03-25 19:10,2026-03-25 19:35,2026-03-26 06:50:44
SVO,SU5918,SU,5918,Хабаровск,Шереметьево,Новый,19:35,19:42,2026-03-25 19:35,2026-03-25 19:42,2026-03-26 06:50:44
SVO,SU1426,SU,1426,Челябинск,Шереметьево,Баландино,16:55,19:57,2026-03-25 16:55,2026-03-25 19:57,2026-03-26 06:50:44
SVO,SU232,SU,232,Дели,Шереметьево,Индира Ганди Инт.,19:40,19:58,2026-03-25 19:40,2026-03-25 19:58,2026-03-26 06:50:44
SVO,SU1870,SU,1870,Ташкент,Шереметьево,Ташкент Интл.,20:00,20:00,2026-03-25 20:00,2026-03-25 20:00,2026-03-26 06:50:44
SVO,SU208,SU,208,Шанхай,Шереметьево,Пудун Интл.,19:45,20:03,2026-03-25 19:45,2026-03-25 20:03,2026-03-26 06:50:44
SVO,SU220,SU,220,Гуанчжоу,Шереметьево,Байюн Интл.,19:50,20:16,2026-03-25 19:50,2026-03-25 20:16,2026-03-26 06:50:44
SVO,DP6945,DP,6945,Сочи,Шереметьево,Сочи,18:55,20:18,2026-03-25 18:55,2026-03-25 20:18,2026-03-26 06:50:44
SVO,FV6827,FV,6827,Саранск,Шереметьево,Саранск,19:30,20:24,2026-03-25 19:30,2026-03-25 20:24,2026-03-26 06:50:44
SVO,SU6827,SU,6827,Саранск,Шереметьево,Саранск,19:30,20:24,2026-03-25 19:30,2026-03-25 20:24,2026-03-26 06:50:44
SVO,FV6225,FV,6225,Нижний Новгород,Шереметьево,Стригино,19:05,20:29,2026-03-25 19:05,2026-03-25 20:29,2026-03-26 06:50:44
SVO,SU6225,SU,6225,Нижний Новгород,Шереметьево,Стригино,19:05,20:29,2026-03-25 19:05,2026-03-25 20:29,2026-03-26 06:50:44
SVO,CA910,CA,910,Пекин,Шереметьево,Кэпитал Интл.,20:10,20:36,2026-03-25 20:10,2026-03-25 20:36,2026-03-26 06:50:44
SVO,HU7986,HU,7986,Пекин,Шереметьево,Кэпитал Интл.,20:05,20:36,2026-03-25 20:05,2026-03-25 20:36,2026-03-26 06:50:44
SVO,SU292,SU,292,Хошимин,Шереметьево,Тан Сон Нхат Интл.,19:55,20:45,2026-03-25 19:55,2026-03-25 20:45,2026-03-26 06:50:44
SVO,SUW1018,SU,W1018,Калининград,Шереметьево,Храброво,11:20,20:49,2026-03-25 11:20,2026-03-25 20:49,2026-03-26 06:50:44
SVO,DP6815,DP,6815,Чебоксары,Шереметьево,Чебоксары,19:45,20:55,2026-03-25 19:45,2026-03-25 20:55,2026-03-26 06:50:44
SVO,MU2076,MU,2076,Пекин,Шереметьево,Дасин Интл.,17:15,20:58,2026-03-25 17:15,2026-03-25 20:58,2026-03-26 06:50:44
SVO,SU204,SU,204,Пекин,Шереметьево,Дасин Интл.,21:05,21:10,2026-03-25 21:05,2026-03-25 21:10,2026-03-26 06:50:44
SVO,FV6313,FV,6313,Калининград,Шереметьево,Храброво,17:45,21:15,2026-03-25 17:45,2026-03-25 21:15,2026-03-26 06:50:44
SVO,SU6313,SU,6313,Калининград,Шереметьево,Храброво,17:45,21:15,2026-03-25 17:45,2026-03-25 21:15,2026-03-26 06:50:44
SVO,DP6969,DP,6969,Волгоград,Шереметьево,Гумрак,18:20,21:16,2026-03-25 18:20,2026-03-25 21:16,2026-03-26 06:50:44
SVO,SU1832,SU,1832,Минск,Шереметьево,Минск Интл.,18:35,21:16,2026-03-25 18:35,2026-03-25 21:16,2026-03-26 06:50:44
SVO,CZ8372,CZ,8372,Шэньчжэнь,Шереметьево,Баоань Интл.,21:15,21:27,2026-03-25 21:15,2026-03-25 21:27,2026-03-26 06:50:44
SVO,N4059,N4,059,Казань,Шереметьево,Казань,20:35,21:29,2026-03-25 20:35,2026-03-25 21:29,2026-03-26 06:50:44
SVO,SU1548,SU,1548,Новосибирск,Шереметьево,Толмачёво,21:05,21:31,2026-03-25 21:05,2026-03-25 21:31,2026-03-26 06:50:44
SVO,SU1008,SU,1008,Калининград,Шереметьево,Храброво,20:45,21:37,2026-03-25 20:45,2026-03-25 21:37,2026-03-26 06:50:44
SVO,DP6531,DP,6531,Барнаул,Шереметьево,Михайловка,20:30,21:45,2026-03-25 20:30,2026-03-25 21:45,2026-03-26 06:50:44
SVO,D2158,D2,158,Череповец,Шереметьево,Череповец,20:50,22:02,2026-03-25 20:50,2026-03-25 22:02,2026-03-26 06:50:44
SVO,SU1702,SU,1702,Владивосток,Шереметьево,Кневичи,20:30,22:03,2026-03-25 20:30,2026-03-25 22:03,2026-03-26 06:50:44
SVO,SU1406,SU,1406,Екатеринбург,Шереметьево,Кольцово,21:30,22:14,2026-03-25 21:30,2026-03-25 22:14,2026-03-26 06:50:44
SVO,SU1280,SU,1280,Казань,Шереметьево,Казань,19:50,22:22,2026-03-25 19:50,2026-03-25 22:22,2026-03-26 06:50:44
SVO,SU1850,SU,1850,Баку,Шереметьево,Им. Гейдара Алиева,21:15,22:26,2026-03-25 21:15,2026-03-25 22:26,2026-03-26 06:50:44
SVO,SU1450,SU,1450,Кемерово,Шереметьево,Кемерово,21:15,22:36,2026-03-25 21:15,2026-03-25 22:36,2026-03-26 06:50:44
SVO,SU574,SU,574,Бангкок,Шереметьево,Суварнамбхуми Интл.,21:35,22:37,2026-03-25 21:35,2026-03-25 22:37,2026-03-26 06:50:44
SVO,SU1480,SU,1480,Красноярск,Шереметьево,Красноярск,20:55,22:38,2026-03-25 20:55,2026-03-25 22:38,2026-03-26 06:50:44
SVO,SU320,SU,320,Мале,Шереметьево,Велана Интернэйшнл,22:15,22:38,2026-03-25 22:15,2026-03-25 22:38,2026-03-26 06:50:44
SVO,DP6819,DP,6819,Киров,Шереметьево,Победилово,19:55,22:54,2026-03-25 19:55,2026-03-25 22:54,2026-03-26 06:50:44
SVO,SU1334,SU,1334,Архангельск,Шереметьево,Талаги,21:00,22:59,2026-03-25 21:00,2026-03-25 22:59,2026-03-26 06:50:44
SVO,SU284,SU,284,Пхукет,Шереметьево,Пхукет Интл.,20:40,23:04,2026-03-25 20:40,2026-03-25 23:04,2026-03-26 06:50:44
SVO,SU1882,SU,1882,Бишкек,Шереметьево,Манас Интл.,21:25,23:21,2026-03-25 21:25,2026-03-25 23:21,2026-03-26 06:50:44
SVO,FV6097,FV,6097,Санкт-Петербург,Шереметьево,Пулково,20:30,23:23,2026-03-25 20:30,2026-03-25 23:23,2026-03-26 06:50:44
SVO,SU6097,SU,6097,Санкт-Петербург,Шереметьево,Пулково,20:30,23:23,2026-03-25 20:30,2026-03-25 23:23,2026-03-26 06:50:44
SVO,FV6287,FV,6287,Хабаровск,Шереметьево,Новый,22:00,23:26,2026-03-25 22:00,2026-03-25 23:26,2026-03-26 06:50:44
SVO,SU1956,SU,1956,Астана,Шереметьево,Нурсултан Назарбаев,23:20,23:26,2026-03-25 23:20,2026-03-25 23:26,2026-03-26 06:50:44
SVO,SU276,SU,276,Пхукет,Шереметьево,Пхукет Интл.,23:10,23:26,2026-03-25 23:10,2026-03-25 23:26,2026-03-26 06:50:44
SVO,SU6287,SU,6287,Хабаровск,Шереметьево,Новый,22:00,23:26,2026-03-25 22:00,2026-03-25 23:26,2026-03-26 06:50:44
SVO,SU1394,SU,1394,Пермь,Шереметьево,Большое Савино,20:35,23:34,2026-03-25 20:35,2026-03-25 23:34,2026-03-26 06:50:44
SVO,SU588,SU,588,Коломбо,Шереметьево,Бандаранайке Инт.,22:55,23:37,2026-03-25 22:55,2026-03-25 23:37,2026-03-26 06:50:44
SVO,3U3888,3U,3888,Чэнду,Шереметьево,Тяньфу Интернэйшнл,21:55,23:41,2026-03-25 21:55,2026-03-25 23:41,2026-03-26 06:50:44
SVO,FV6699,FV,6699,Санкт-Петербург,Шереметьево,Пулково,21:30,23:47,2026-03-25 21:30,2026-03-25 23:47,2026-03-26 06:50:44
SVO,SU6699,SU,6699,Санкт-Петербург,Шереметьево,Пулково,21:30,23:47,2026-03-25 21:30,2026-03-25 23:47,2026-03-26 06:50:44
SVO,CZ656,CZ,656,Гуанчжоу,Шереметьево,Байюн Интл.,23:15,23:50,2026-03-25 23:15,2026-03-25 23:50,2026-03-26 06:50:44
SVO,B2978,B2,978,Минск,Шереметьево,Минск Интл.,22:15,23:53,2026-03-25 22:15,2026-03-25 23:53,2026-03-26 06:50:44
SVO,FV6255,FV,6255,Благовещенск,Шереметьево,Игнатьево,20:20,00:00,2026-03-25 20:20,2026-03-26 00:00,2026-03-26 06:50:44
SVO,SU6255,SU,6255,Благовещенск,Шереметьево,Игнатьево,20:20,00:00,2026-03-25 20:20,2026-03-26 00:00,2026-03-26 06:50:44
SVO,SU1172,SU,1172,Астрахань,Шереметьево,Нариманово,21:25,00:04,2026-03-25 21:25,2026-03-26 00:04,2026-03-26 06:50:44
SVO,FV6951,FV,6951,Санкт-Петербург,Шереметьево,Пулково,22:00,00:07,2026-03-25 22:00,2026-03-26 00:07,2026-03-26 06:50:44
SVO,SU6951,SU,6951,Санкт-Петербург,Шереметьево,Пулково,22:00,00:07,2026-03-25 22:00,2026-03-26 00:07,2026-03-26 06:50:44
SVO,DP6855,DP,6855,Мурманск,Шереметьево,Мурманск,18:30,00:10,2026-03-25 18:30,2026-03-26 00:10,2026-03-26 06:50:44
SVO,SU598,SU,598,Нячанг,Шереметьево,Камрань Интл.,23:55,00:12,2026-03-25 23:55,2026-03-26 00:12,2026-03-26 06:50:44
SVO,DP6525,DP,6525,Новосибирск,Шереметьево,Толмачёво,22:05,00:21,2026-03-25 22:05,2026-03-26 00:21,2026-03-26 06:50:44
SVO,FV6663,FV,6663,Калининград,Шереметьево,Храброво,21:30,00:22,2026-03-25 21:30,2026-03-26 00:22,2026-03-26 06:50:44
SVO,WY184,WY,184,Маскат,Шереметьево,Маскат Интл.,22:20,00:23,2026-03-25 22:20,2026-03-26 00:23,2026-03-26 06:50:44
SVO,SU1326,SU,1326,Мурманск,Шереметьево,Мурманск,21:35,00:24,2026-03-25 21:35,2026-03-26 00:24,2026-03-26 06:50:44
SVO,SU1442,SU,1442,Иркутск,Шереметьево,Иркутск,21:40,00:25,2026-03-25 21:40,2026-03-26 00:25,2026-03-26 06:50:44
SVO,SU1458,SU,1458,Новокузнецк,Шереметьево,Новокузнецк,22:35,00:26,2026-03-25 22:35,2026-03-26 00:26,2026-03-26 06:50:44
SVO,SU1260,SU,1260,Уфа,Шереметьево,Уфа,21:20,00:28,2026-03-25 21:20,2026-03-26 00:28,2026-03-26 06:50:44
SVO,SU1454,SU,1454,Улан-Удэ,Шереметьево,Мухино,21:50,00:30,2026-03-25 21:50,2026-03-26 00:30,2026-03-26 06:50:44
SVO,SU572,SU,572,Мале,Шереметьево,Велана Интернэйшнл,23:45,00:33,2026-03-25 23:45,2026-03-26 00:33,2026-03-26 06:50:44
SVO,SU6807,SU,6807,Санкт-Петербург,Шереметьево,Пулково,23:30,00:42,2026-03-25 23:30,2026-03-26 00:42,2026-03-26 06:50:44
SVO,EY844,EY,844,Абу-Даби,Шереметьево,Абу-Даби,22:50,00:49,2026-03-25 22:50,2026-03-26 00:49,2026-03-26 06:50:44
SVO,SU1022,SU,1022,Екатеринбург,Шереметьево,Кольцово,23:35,00:51,2026-03-25 23:35,2026-03-26 00:51,2026-03-26 06:50:44
SVO,SU1278,SU,1278,Казань,Шереметьево,Казань,21:55,00:53,2026-03-25 21:55,2026-03-26 00:53,2026-03-26 06:50:44
SVO,SU1510,SU,1510,Сургут,Шереметьево,Сургут,22:10,00:56,2026-03-25 22:10,2026-03-26 00:56,2026-03-26 06:50:44
SVO,SU1646,SU,1646,Нижневартовск,Шереметьево,Нижневартовск,22:50,01:20,2026-03-25 22:50,2026-03-26 01:20,2026-03-26 06:50:44
SVO,DP6511,DP,6511,Пермь,Шереметьево,Большое Савино,23:55,01:24,2026-03-25 23:55,2026-03-26 01:24,2026-03-26 06:50:44
SVO,DP6521,DP,6521,Омск,Шереметьево,Центральный (Омск),23:35,01:26,2026-03-25 23:35,2026-03-26 01:26,2026-03-26 06:50:44
SVO,SU1530,SU,1530,Томск,Шереметьево,Богашево,23:40,01:36,2026-03-25 23:40,2026-03-26 01:36,2026-03-26 06:50:44
SVO,DP6567,DP,6567,Челябинск,Шереметьево,Баландино,23:25,01:39,2026-03-25 23:25,2026-03-26 01:39,2026-03-26 06:50:44
SVO,SU1484,SU,1484,Красноярск,Шереметьево,Красноярск,23:35,02:11,2026-03-25 23:35,2026-03-26 02:11,2026-03-26 06:50:44
SVO,DP6541,DP,6541,Екатеринбург,Шереметьево,Кольцово,23:20,02:31,2026-03-25 23:20,2026-03-26 02:31,2026-03-26 06:50:44
SVO,B2922,B2,922,Минск,Шереметьево,Минск Интл.,23:30,02:33,2026-03-25 23:30,2026-03-26 02:33,2026-03-26 06:50:44
SVO,DP6547,DP,6547,Красноярск,Шереметьево,Красноярск,22:30,02:33,2026-03-25 22:30,2026-03-26 02:33,2026-03-26 06:50:44
SVO,SU1478,SU,1478,Абакан,Шереметьево,Абакан,23:55,03:00,2026-03-25 23:55,2026-03-26 03:00,2026-03-26 06:50:44
SVO,SU1396,SU,1396,Сыктывкар,Шереметьево,Сыктывкар,23:00,03:25,2026-03-25 23:00,2026-03-26 03:25,2026-03-26 06:50:44
SVO,SU1762,SU,1762,Омск,Шереметьево,Центральный (Омск),22:10,04:12,2026-03-25 22:10,2026-03-26 04:12,2026-03-26 06:50:44
SVO,DP6503,DP,6503,Уфа,Шереметьево,Уфа,23:50,07:23,2026-03-25 23:50,2026-03-26 07:23,2026-03-26 06:50:44
SVO,DP6501,DP,6501,Уфа,Шереметьево,Уфа,23:10,07:29,2026-03-25 23:10,2026-03-26 07:29,2026-03-26 06:50:44
SVO,D2154,D2,154,Череповец,Шереметьево,Череповец,21:40,,2026-03-25 21:40,,2026-03-26 06:50:44
SVO,DP6823,DP,6823,Санкт-Петербург,Шереметьево,Пулково,13:05,,2026-03-25 13:05,,2026-03-26 06:50:44
SVO,FV6041,FV,6041,Санкт-Петербург,Шереметьево,Пулково,09:20,,2026-03-25 09:20,,2026-03-26 06:50:44
SVO,FV6057,FV,6057,Санкт-Петербург,Шереметьево,Пулково,10:30,,2026-03-25 10:30,,2026-03-26 06:50:44
SVO,FV6131,FV,6131,Санкт-Петербург,Шереметьево,Пулково,08:30,,2026-03-25 08:30,,2026-03-26 06:50:44
SVO,FV6215,FV,6215,Санкт-Петербург,Шереметьево,Пулково,11:30,,2026-03-25 11:30,,2026-03-26 06:50:44
SVO,FV6311,FV,6311,Калининград,Шереметьево,Храброво,09:55,,2026-03-25 09:55,,2026-03-26 06:50:44
SVO,FV6519,FV,6519,Санкт-Петербург,Шереметьево,Пулково,18:00,,2026-03-25 18:00,,2026-03-26 06:50:44
SVO,FV6661,FV,6661,Калининград,Шереметьево,Храброво,15:05,,2026-03-25 15:05,,2026-03-26 06:50:44
SVO,FV6703,FV,6703,Санкт-Петербург,Шереметьево,Пулково,20:00,,2026-03-25 20:00,,2026-03-26 06:50:44
SVO,FV6801,FV,6801,Санкт-Петербург,Шереметьево,Пулково,09:00,,2026-03-25 09:00,,2026-03-26 06:50:44
SVO,FV6807,FV,6807,Санкт-Петербург,Шереметьево,Пулково,23:30,,2026-03-25 23:30,,2026-03-26 06:50:44
SVO,GF013,GF,013,Бахрейн,Шереметьево,Бахрейн Интл.,12:50,,2026-03-25 12:50,,2026-03-26 06:50:44
SVO,QR340,QR,340,Доха,Шереметьево,Хамад Интернэйшнл,01:05,,2026-03-25 01:05,,2026-03-26 06:50:44
SVO,SU042,SU,042,Санкт-Петербург,Шереметьево,Пулково,22:30,,2026-03-25 22:30,,2026-03-26 06:50:44
SVO,SU1004,SU,1004,Калининград,Шереметьево,Храброво,12:50,,2026-03-25 12:50,,2026-03-26 06:50:44
SVO,SU1056,SU,1056,Махачкала,Шереметьево,Уйташ,14:20,,2026-03-25 14:20,,2026-03-26 06:50:44
SVO,SU1174,SU,1174,Астрахань,Шереметьево,Нариманово,15:10,,2026-03-25 15:10,,2026-03-26 06:50:44
SVO,SU1186,SU,1186,Волгоград,Шереметьево,Гумрак,16:20,,2026-03-25 16:20,,2026-03-26 06:50:44
SVO,SU1232,SU,1232,Уфа,Шереметьево,Уфа,14:35,,2026-03-25 14:35,,2026-03-26 06:50:44
SVO,SU1248,SU,1248,Оренбург,Шереметьево,Центральный (Оренбург),15:35,,2026-03-25 15:35,,2026-03-26 06:50:44
SVO,SU1302,SU,1302,Минеральные воды,Шереметьево,Минеральные Воды,15:45,,2026-03-25 15:45,,2026-03-26 06:50:44
SVO,SU1340,SU,1340,Архангельск,Шереметьево,Талаги,15:35,,2026-03-25 15:35,,2026-03-26 06:50:44
SVO,SU1610,SU,1610,Сочи,Шереметьево,Сочи,13:10,,2026-03-25 13:10,,2026-03-26 06:50:44
SVO,SU1842,SU,1842,Минск,Шереметьево,Минск Интл.,13:00,,2026-03-25 13:00,,2026-03-26 06:50:44
SVO,SU6041,SU,6041,Санкт-Петербург,Шереметьево,Пулково,09:20,,2026-03-25 09:20,,2026-03-26 06:50:44
SVO,SU6057,SU,6057,Санкт-Петербург,Шереметьево,Пулково,10:30,,2026-03-25 10:30,,2026-03-26 06:50:44
SVO,SU6131,SU,6131,Санкт-Петербург,Шереметьево,Пулково,08:30,,2026-03-25 08:30,,2026-03-26 06:50:44
SVO,SU6311,SU,6311,Калининград,Шереметьево,Храброво,09:55,,2026-03-25 09:55,,2026-03-26 06:50:44
SVO,SU6519,SU,6519,Санкт-Петербург,Шереметьево,Пулково,18:00,,2026-03-25 18:00,,2026-03-26 06:50:44
SVO,SU6661,SU,6661,Калининград,Шереметьево,Храброво,15:05,,2026-03-25 15:05,,2026-03-26 06:50:44
SVO,SU6703,SU,6703,Санкт-Петербург,Шереметьево,Пулково,20:00,,2026-03-25 20:00,,2026-03-26 06:50:44
SVO,SU6801,SU,6801,Санкт-Петербург,Шереметьево,Пулково,09:00,,2026-03-25 09:00,,2026-03-26 06:50:44
SVO,SV282,SV,282,Эр-Рияд,Шереметьево,Кинг Халид Интернэйшнл,15:55,,2026-03-25 15:55,,2026-03-26 06:50:44
SVO,Y73644,Y7,3644,Санкт-Петербург,Шереметьево,Пулково,23:15,,2026-03-25 23:15,,2026-03-26 06:50:44
